
[
  {
    "id": "123-456-7890",
    "university": "UNIVERSITY NAME",
    "name": "ROSA MARIA",
    "birthdate": "January 20, 2002",
    "address": "123 Anywhere St., Any City",
    "barcode": "1234567890"
  },
  {
    "id": "987-654-3210",
    "university": "STATE UNIVERSITY",
    "name": "JOHN DOE",
    "birthdate": "March 15, 2001",
    "address": "456 Main St., Anytown",
    "barcode": "9876543210"
  },
  {
    "id": "111-222-3333",
    "university": "GLOBAL INSTITUTE",
    "name": "ALICE SMITH",
    "birthdate": "July 01, 2003",
    "address": "789 Oak Ave., Someplace",
    "barcode": "1112223333"
  },
  {
    "id": "444-555-6666",
    "university": "CITY COLLEGE",
    "name": "BOB JOHNSON",
    "birthdate": "November 22, 2000",
    "address": "101 Pine Ln., Nowhere",
    "barcode": "4445556666"
  },
  {
    "id": "777-888-9999",
    "university": "TECH UNIVERSITY",
    "name": "EMILY DAVIS",
    "birthdate": "April 05, 2002",
    "address": "202 Birch Rd., Everywhere",
    "barcode": "7778889999"
  },
  {
    "id": "000-111-2222",
    "university": "ART SCHOOL",
    "name": "DAVID BROWN",
    "birthdate": "September 10, 2001",
    "address": "303 Cedar Ct., Thiscity",
    "barcode": "0001112222"
  },
  {
    "id": "333-444-5555",
    "university": "SCIENCE ACADEMY",
    "name": "SARAH WHITE",
    "birthdate": "December 25, 2003",
    "address": "404 Elm St., Thatcity",
    "barcode": "3334445555"
  },
  {
    "id": "666-777-8888",
    "university": "BUSINESS SCHOOL",
    "name": "MICHAEL GREEN",
    "birthdate": "February 14, 2000",
    "address": "505 Fir Ave., Anyville",
    "barcode": "6667778888"
  },
  {
    "id": "999-000-1111",
    "university": "DESIGN INSTITUTE",
    "name": "OLIVIA BLACK",
    "birthdate": "June 30, 2002",
    "address": "606 Spruce Rd., Anotherplace",
    "barcode": "9990001111"
  },
  {
    "id": "222-333-4444",
    "university": "MEDICINE FACULTY",
    "name": "WILLIAM KING",
    "birthdate": "August 18, 2001",
    "address": "707 Poplar Ln., Yourcity",
    "barcode": "2223334444"
  },
  {
    "id": "555-666-7777",
    "university": "LAW SCHOOL",
    "name": "SOPHIA LEE",
    "birthdate": "October 09, 2003",
    "address": "808 Willow Ct., Ourcity",
    "barcode": "5556667777"
  },
  {
    "id": "888-999-0000",
    "university": "ENGINEERING COLLEGE",
    "name": "JAMES WRIGHT",
    "birthdate": "January 03, 2000",
    "address": "909 Maple St., Theircity",
    "barcode": "8889990000"
  },
  {
    "id": "101-202-3030",
    "university": "LITERATURE DEPT.",
    "name": "ISABELLA HALL",
    "birthdate": "May 27, 2002",
    "address": "111 Orange Ave., Newcity",
    "barcode": "1012023030"
  },
  {
    "id": "404-505-6060",
    "university": "HISTORY DEPT.",
    "name": "LUCAS YOUNG",
    "birthdate": "November 11, 2001",
    "address": "222 Grape Rd., Oldcity",
    "barcode": "4045056060"
  },
  {
    "id": "707-808-9090",
    "university": "PHILOSOPHY DEPT.",
    "name": "MIA CLARK",
    "birthdate": "April 19, 2003",
    "address": "333 Lemon Ln., Smallcity",
    "barcode": "7078089090"
  },
  {
    "id": "030-606-9090",
    "university": "ECONOMICS DEPT.",
    "name": "ETHAN LEWIS",
    "birthdate": "August 08, 2000",
    "address": "444 Cherry Ct., Bigcity",
    "barcode": "0306069090"
  },
  {
    "id": "363-909-1212",
    "university": "PSYCHOLOGY DEPT.",
    "name": "AVA SCOTT",
    "birthdate": "December 01, 2002",
    "address": "555 Plum St., Coastcity",
    "barcode": "3639091212"
  },
  {
    "id": "696-121-4545",
    "university": "SOCIOLOGY DEPT.",
    "name": "NOAH BAKER",
    "birthdate": "February 28, 2001",
    "address": "666 Peach Ave., Hillcity",
    "barcode": "6961214545"
  },
  {
    "id": "919-343-6767",
    "university": "GEOGRAPHY DEPT.",
    "name": "CHLOE ADAMS",
    "birthdate": "June 16, 2003",
    "address": "777 Apple Rd., Rivercity",
    "barcode": "9193436767"
  },
  {
    "id": "242-575-8080",
    "university": "POLITICAL SCIENCE",
    "name": "LIAM HARRIS",
    "birthdate": "September 04, 2000",
    "address": "888 Pear Ln., Lakecity",
    "barcode": "2425758080"
  }
]